"Copy ""Donation""  date, tag # to ""Test Ride""",,,,,,,,,,,,,,,,,,,,,,,,,,,,,,,,,,,,,,,,,,,,,,
Date,,HOLDS,,,,,,,,,Date,,Donations,,,,,,,Date,,MIA--one per Row,,,,,,,Date,,Scrap,,,,,,,Date,,Given Away,,,,,,
dd-mm,Tag #,C,M,T,W,Xm,Xw,Y,Rtn,,dd-mm,Tag #,C,M,T,W,Xm,Xw,Y,dd-mm,Tag #,C,M,T,W,Xm,Xw,Y,dd-mm,Tag #,C,M,T,W,Xm,Xw,Y,dd-mm,Tag #,C,M,T,W,Xm,Xw,Y
15-May,C04,1,0,0,0,0,0,0,2-Jun,,3-Apr,C15,1,0,0,0,0,0,0,8-Jun,M05,0,1,0,0,0,0,0,18-May,C07,1,0,0,0,0,0,0,,,0,0,0,0,0,0,0
15-May,C16,1,0,0,0,0,0,0,2-Jun,,13-Apr,C23,1,0,0,0,0,0,0,8-Jun,M14,0,1,0,0,0,0,0,15-Jun,M15,0,1,0,0,0,0,0,,,0,0,0,0,0,0,0
15-May,C17,1,0,0,0,0,0,0,2-Jun,,18-May,C26,1,0,0,0,0,0,0,10-Aug,W04,0,0,0,1,0,0,0,1-Jun,M23,0,1,0,0,0,0,0,,,0,0,0,0,0,0,0
15-May,C20,1,0,0,0,0,0,0,2-Jun,,25-Apr,C27,1,0,0,0,0,0,0,10-Aug,W07,0,0,0,1,0,0,0,15-Jun,C09,1,0,0,0,0,0,0,,,0,0,0,0,0,0,0
15-May,C22,1,0,0,0,0,0,0,2-Jun,,18-May,C28,1,0,0,0,0,0,0,14-Aug,Y15,0,0,0,0,0,0,1,22-Jun,M08,0,1,0,0,0,0,0,,,0,0,0,0,0,0,0
15-May,C23,1,0,0,0,0,0,0,2-Jun,,18-May,C29,1,0,0,0,0,0,0,15-Aug,Y18,0,0,0,0,0,0,1,6-Jul,W18,0,0,0,1,0,0,0,,,0,0,0,0,0,0,0
15-May,C27,1,0,0,0,0,0,0,2-Jun,,18-May,C30,1,0,0,0,0,0,0,,,0,0,0,0,0,0,0,,,0,0,0,0,0,0,0,,,0,0,0,0,0,0,0
15-May,T05,0,0,1,0,0,0,0,2-Jun,,23-May,C31,1,0,0,0,0,0,0,,,0,0,0,0,0,0,0,,,0,0,0,0,0,0,0,,,0,0,0,0,0,0,0
4-May,XM06,0,0,0,0,1,0,0,,,4-Jun,C32,1,0,0,0,0,0,0,,,0,0,0,0,0,0,0,,,0,0,0,0,0,0,0,,,0,0,0,0,0,0,0
4-May,XM07,0,0,0,0,1,0,0,8-June,,18-Jul,C33,1,0,0,0,0,0,0,,,0,0,0,0,0,0,0,,,0,0,0,0,0,0,0,,,0,0,0,0,0,0,0
4-May,XM09,0,0,0,0,1,0,0,,,23-Apr,M16,0,1,0,0,0,0,0,,,0,0,0,0,0,0,0,,,0,0,0,0,0,0,0,,,0,0,0,0,0,0,0
8-May,XW01,0,0,0,0,0,1,0,,,30-Apr,M17,0,1,0,0,0,0,0,,,0,0,0,0,0,0,0,,,0,0,0,0,0,0,0,,,0,0,0,0,0,0,0
26-Apr,XW02,0,0,0,0,0,1,0,,,3-May,M18,0,1,0,0,0,0,0,,,0,0,0,0,0,0,0,,,0,0,0,0,0,0,0,,,0,0,0,0,0,0,0
8-May,XW04,0,0,0,0,0,1,0,21-June,,4-May,M20,0,1,0,0,0,0,0,,,0,0,0,0,0,0,0,,,0,0,0,0,0,0,0,,,0,0,0,0,0,0,0
8-May,XW05,0,0,0,0,0,1,0,18-July,,4-May,M25,0,1,0,0,0,0,0,,,0,0,0,0,0,0,0,,,0,0,0,0,0,0,0,,,0,0,0,0,0,0,0
8-May,XW06,0,0,0,0,0,1,0,,,23-May,M26,0,1,0,0,0,0,0,,,0,0,0,0,0,0,0,,,0,0,0,0,0,0,0,,,0,0,0,0,0,0,0
15-May,Y03,0,0,0,0,0,0,1,2-Jun,,25-May,M27,0,1,0,0,0,0,0,,,0,0,0,0,0,0,0,,,0,0,0,0,0,0,0,,,0,0,0,0,0,0,0
15-May,Y11,0,0,0,0,0,0,1,2-Jun,,28-May,M28,0,1,0,0,0,0,0,,,0,0,0,0,0,0,0,,,0,0,0,0,0,0,0,,,0,0,0,0,0,0,0
8-May,Y12,0,0,0,0,0,0,1,18-July,,8-Jun,M29,0,1,0,0,0,0,0,,,0,0,0,0,0,0,0,,,0,0,0,0,0,0,0,,,0,0,0,0,0,0,0
25-May,XM01,0,0,0,0,1,0,0,,,8-Jun,M30,0,1,0,0,0,0,0,,,0,0,0,0,0,0,0,,,0,0,0,0,0,0,0,,,0,0,0,0,0,0,0
25-May,XM02,0,0,0,0,1,0,0,,,20-June,M31,0,1,0,0,0,0,0,,,0,0,0,0,0,0,0,,,0,0,0,0,0,0,0,,,0,0,0,0,0,0,0
25-May,XM03,0,0,0,0,1,0,0,17-Aug,,10-Jul,M32,0,1,0,0,0,0,0,,,0,0,0,0,0,0,0,,,0,0,0,0,0,0,0,,,0,0,0,0,0,0,0
25-May,XM10,0,0,0,0,1,0,0,,,11-May,T03,0,0,1,0,0,0,0,,,0,0,0,0,0,0,0,,,0,0,0,0,0,0,0,,,0,0,0,0,0,0,0
25-May,XW03,0,0,0,0,0,1,0,,,18-May,T12,0,0,1,0,0,0,0,,,0,0,0,0,0,0,0,,,0,0,0,0,0,0,0,,,0,0,0,0,0,0,0
8-Jun,C14,1,0,0,0,0,0,0,09-July,,18-May,T13,0,0,1,0,0,0,0,,,0,0,0,0,0,0,0,,,0,0,0,0,0,0,0,,,0,0,0,0,0,0,0
12-Jun,XM11,0,0,0,0,1,0,0,29-June,,13-Apr,W05,0,0,0,1,0,0,0,,,0,0,0,0,0,0,0,,,0,0,0,0,0,0,0,,,0,0,0,0,0,0,0
,,0,0,0,0,0,0,0,,,25-May,W14,0,0,0,1,0,0,0,,,0,0,0,0,0,0,0,,,0,0,0,0,0,0,0,,,0,0,0,0,0,0,0
12-Jun,XM13,0,0,0,0,1,0,0,,,19-Jun,W17,0,0,0,1,0,0,0,,,0,0,0,0,0,0,0,,,0,0,0,0,0,0,0,,,0,0,0,0,0,0,0
12-Jun,XM14,0,0,0,0,1,0,0,,,20-June,W18,0,0,0,1,0,0,0,,,0,0,0,0,0,0,0,,,0,0,0,0,0,0,0,,,0,0,0,0,0,0,0
12-Jun,XM15,0,0,0,0,1,0,0,,,10-Jul,W19,0,0,0,1,0,0,0,,,0,0,0,0,0,0,0,,,0,0,0,0,0,0,0,,,0,0,0,0,0,0,0
12-Jun,XM16,0,0,0,0,1,0,0,,,12-Jun,XM11,0,0,0,0,1,0,0,,,0,0,0,0,0,0,0,,,0,0,0,0,0,0,0,,,0,0,0,0,0,0,0
12-Jun,XM17,0,0,0,0,1,0,0,15-Jun,,12-Jun,XM13,0,0,0,0,1,0,0,,,0,0,0,0,0,0,0,,,0,0,0,0,0,0,0,,,0,0,0,0,0,0,0
12-Jun,XM18,0,0,0,0,1,0,0,,,12-Jun,XM14,0,0,0,0,1,0,0,,,0,0,0,0,0,0,0,,,0,0,0,0,0,0,0,,,0,0,0,0,0,0,0
12-Jun,XM19,0,0,0,0,1,0,0,,,12-Jun,XM15,0,0,0,0,1,0,0,,,0,0,0,0,0,0,0,,,0,0,0,0,0,0,0,,,0,0,0,0,0,0,0
21-Jun,XM17,0,0,0,0,1,0,0,,,12-Jun,XM16,0,0,0,0,1,0,0,,,0,0,0,0,0,0,0,,,0,0,0,0,0,0,0,,,0,0,0,0,0,0,0
22-June,XM04,0,0,0,0,1,0,0,16 July,,12-Jun,XM17,0,0,0,0,1,0,0,,,0,0,0,0,0,0,0,,,0,0,0,0,0,0,0,,,0,0,0,0,0,0,0
29-June,C05,1,0,0,0,0,0,0,2-Aug,,12-Jun,XM18,0,0,0,0,1,0,0,,,0,0,0,0,0,0,0,,,0,0,0,0,0,0,0,,,0,0,0,0,0,0,0
29-June,C06,1,0,0,0,0,0,0,2-Aug,,12-Jun,XM19,0,0,0,0,1,0,0,,,0,0,0,0,0,0,0,,,0,0,0,0,0,0,0,,,0,0,0,0,0,0,0
29-June,C11,1,0,0,0,0,0,0,19-July,,3-May,Y14,0,0,0,0,0,0,1,,,0,0,0,0,0,0,0,,,0,0,0,0,0,0,0,,,0,0,0,0,0,0,0
29-June,C13,1,0,0,0,0,0,0,19-July,,18-May,Y15,0,0,0,0,0,0,1,,,0,0,0,0,0,0,0,,,0,0,0,0,0,0,0,,,0,0,0,0,0,0,0
29-June,C14,1,0,0,0,0,0,0,19-July,,18-May,Y16,0,0,0,0,0,0,1,,,0,0,0,0,0,0,0,,,0,0,0,0,0,0,0,,,0,0,0,0,0,0,0
29-June,c20,1,0,0,0,0,0,0,19-July,,18-May,Y17,0,0,0,0,0,0,1,,,0,0,0,0,0,0,0,,,0,0,0,0,0,0,0,,,0,0,0,0,0,0,0
29-June,c26,1,0,0,0,0,0,0,19-July,,18-May,Y18,0,0,0,0,0,0,1,,,0,0,0,0,0,0,0,,,0,0,0,0,0,0,0,,,0,0,0,0,0,0,0
29-June,C28,1,0,0,0,0,0,0,2-Aug,,8-Jun,Y19,0,0,0,0,0,0,1,,,0,0,0,0,0,0,0,,,0,0,0,0,0,0,0,,,0,0,0,0,0,0,0
29-June,C29,1,0,0,0,0,0,0,2-Aug,,25-Jun,M33,0,1,0,0,0,0,0,,,0,0,0,0,0,0,0,,,0,0,0,0,0,0,0,,,0,0,0,0,0,0,0
29-June,C32,1,0,0,0,0,0,0,2-Aug,,18-Jul,C34,1,0,0,0,0,0,0,,,0,0,0,0,0,0,0,,,0,0,0,0,0,0,0,,,0,0,0,0,0,0,0
29-June,C33,1,0,0,0,0,0,0,19-July,,24-Jul,XM20,0,0,0,0,1,0,0,,,0,0,0,0,0,0,0,,,0,0,0,0,0,0,0,,,0,0,0,0,0,0,0
29-June,M21,0,1,0,0,0,0,0,13-July,,26-Jul,M34,0,1,0,0,0,0,0,,,0,0,0,0,0,0,0,,,0,0,0,0,0,0,0,,,0,0,0,0,0,0,0
29-June,M27,0,1,0,0,0,0,0,13-July,,16-Aug,C35,1,0,0,0,0,0,0,,,0,0,0,0,0,0,0,,,0,0,0,0,0,0,0,,,0,0,0,0,0,0,0
29-June,W09,0,0,0,1,0,0,0,27-July,,3-Aug,M35,0,1,0,0,0,0,0,,,0,0,0,0,0,0,0,,,0,0,0,0,0,0,0,,,0,0,0,0,0,0,0
29-June,Y14,0,0,0,0,0,0,1,9-July,,23-Aug,Y20,0,0,0,0,0,0,1,,,0,0,0,0,0,0,0,,,0,0,0,0,0,0,0,,,0,0,0,0,0,0,0
29-June,Y16,0,0,0,0,0,0,1,11-July,,,,0,0,0,0,0,0,0,,,0,0,0,0,0,0,0,,,0,0,0,0,0,0,0,,,0,0,0,0,0,0,0
29-June,C21,1,0,0,0,0,0,0,19-July,,,,0,0,0,0,0,0,0,,,0,0,0,0,0,0,0,,,0,0,0,0,0,0,0,,,0,0,0,0,0,0,0
29-June,C27,1,0,0,0,0,0,0,11-July,,,,0,0,0,0,0,0,0,,,0,0,0,0,0,0,0,,,0,0,0,0,0,0,0,,,0,0,0,0,0,0,0
29-June,XM05,0,0,0,0,1,0,0,,,,,0,0,0,0,0,0,0,,,0,0,0,0,0,0,0,,,0,0,0,0,0,0,0,,,0,0,0,0,0,0,0
13-July,C01,1,0,0,0,0,0,0,2-Aug,,,,0,0,0,0,0,0,0,,,0,0,0,0,0,0,0,,,0,0,0,0,0,0,0,,,0,0,0,0,0,0,0
13-July,M06,0,1,0,0,0,0,0,19-July,,,,0,0,0,0,0,0,0,,,0,0,0,0,0,0,0,,,0,0,0,0,0,0,0,,,0,0,0,0,0,0,0
13-July,C31,1,0,0,0,0,0,0,19-July,,,,0,0,0,0,0,0,0,,,0,0,0,0,0,0,0,,,0,0,0,0,0,0,0,,,0,0,0,0,0,0,0
23-Jul,C20,1,0,0,0,0,0,0,2-Aug,,,,0,0,0,0,0,0,0,,,0,0,0,0,0,0,0,,,0,0,0,0,0,0,0,,,0,0,0,0,0,0,0
23-Jul,C33,1,0,0,0,0,0,0,2-Aug,,,,0,0,0,0,0,0,0,,,0,0,0,0,0,0,0,,,0,0,0,0,0,0,0,,,0,0,0,0,0,0,0
23-Jul,C34,1,0,0,0,0,0,0,2-Aug,,,,0,0,0,0,0,0,0,,,0,0,0,0,0,0,0,,,0,0,0,0,0,0,0,,,0,0,0,0,0,0,0
23-July,C13,1,0,0,0,0,0,0,2-Aug,,,,0,0,0,0,0,0,0,,,0,0,0,0,0,0,0,,,0,0,0,0,0,0,0,,,0,0,0,0,0,0,0
27-July,Y04,0,0,0,0,0,0,1,2-Aug,,,,0,0,0,0,0,0,0,,,0,0,0,0,0,0,0,,,0,0,0,0,0,0,0,,,0,0,0,0,0,0,0
31-July,XM08,0,0,0,0,1,0,0,14 -Aug,,,,0,0,0,0,0,0,0,,,0,0,0,0,0,0,0,,,0,0,0,0,0,0,0,,,0,0,0,0,0,0,0
16-Aug,XM04,0,0,0,0,1,0,0,,,,,0,0,0,0,0,0,0,,,0,0,0,0,0,0,0,,,0,0,0,0,0,0,0,,,0,0,0,0,0,0,0
16-Aug,XW04,0,0,0,0,0,1,0,,,,,0,0,0,0,0,0,0,,,0,0,0,0,0,0,0,,,0,0,0,0,0,0,0,,,0,0,0,0,0,0,0
29-Aug,W19,0,0,0,1,0,0,0,,,,,0,0,0,0,0,0,0,,,0,0,0,0,0,0,0,,,0,0,0,0,0,0,0,,,0,0,0,0,0,0,0
,,0,0,0,0,0,0,0,,,,,0,0,0,0,0,0,0,,,0,0,0,0,0,0,0,,,0,0,0,0,0,0,0,,,0,0,0,0,0,0,0
,,0,0,0,0,0,0,0,,,,,0,0,0,0,0,0,0,,,0,0,0,0,0,0,0,,,0,0,0,0,0,0,0,,,0,0,0,0,0,0,0
,,0,0,0,0,0,0,0,,,,,0,0,0,0,0,0,0,,,0,0,0,0,0,0,0,,,0,0,0,0,0,0,0,,,0,0,0,0,0,0,0
,,0,0,0,0,0,0,0,,,,,0,0,0,0,0,0,0,,,0,0,0,0,0,0,0,,,0,0,0,0,0,0,0,,,0,0,0,0,0,0,0
,,0,0,0,0,0,0,0,,,,,0,0,0,0,0,0,0,,,0,0,0,0,0,0,0,,,0,0,0,0,0,0,0,,,0,0,0,0,0,0,0
,,0,0,0,0,0,0,0,,,,,0,0,0,0,0,0,0,,,0,0,0,0,0,0,0,,,0,0,0,0,0,0,0,,,0,0,0,0,0,0,0
,,0,0,0,0,0,0,0,,,,,0,0,0,0,0,0,0,,,0,0,0,0,0,0,0,,,0,0,0,0,0,0,0,,,0,0,0,0,0,0,0
,,0,0,0,0,0,0,0,,,,,0,0,0,0,0,0,0,,,0,0,0,0,0,0,0,,,0,0,0,0,0,0,0,,,0,0,0,0,0,0,0
,,0,0,0,0,0,0,0,,,,,0,0,0,0,0,0,0,,,0,0,0,0,0,0,0,,,0,0,0,0,0,0,0,,,0,0,0,0,0,0,0
,,0,0,0,0,0,0,0,,,,,0,0,0,0,0,0,0,,,0,0,0,0,0,0,0,,,0,0,0,0,0,0,0,,,0,0,0,0,0,0,0
,,0,0,0,0,0,0,0,,,,,0,0,0,0,0,0,0,,,0,0,0,0,0,0,0,,,0,0,0,0,0,0,0,,,0,0,0,0,0,0,0
,,0,0,0,0,0,0,0,,,,,0,0,0,0,0,0,0,,,0,0,0,0,0,0,0,,,0,0,0,0,0,0,0,,,0,0,0,0,0,0,0
,,0,0,0,0,0,0,0,,,,,0,0,0,0,0,0,0,,,0,0,0,0,0,0,0,,,0,0,0,0,0,0,0,,,0,0,0,0,0,0,0
,,0,0,0,0,0,0,0,,,,,0,0,0,0,0,0,0,,,0,0,0,0,0,0,0,,,0,0,0,0,0,0,0,,,0,0,0,0,0,0,0
,,0,0,0,0,0,0,0,,,,,0,0,0,0,0,0,0,,,0,0,0,0,0,0,0,,,0,0,0,0,0,0,0,,,0,0,0,0,0,0,0
,,0,0,0,0,0,0,0,,,,,0,0,0,0,0,0,0,,,0,0,0,0,0,0,0,,,0,0,0,0,0,0,0,,,0,0,0,0,0,0,0
,,0,0,0,0,0,0,0,,,,,0,0,0,0,0,0,0,,,0,0,0,0,0,0,0,,,0,0,0,0,0,0,0,,,0,0,0,0,0,0,0
,,0,0,0,0,0,0,0,,,,,0,0,0,0,0,0,0,,,0,0,0,0,0,0,0,,,0,0,0,0,0,0,0,,,0,0,0,0,0,0,0
,,0,0,0,0,0,0,0,,,,,0,0,0,0,0,0,0,,,0,0,0,0,0,0,0,,,0,0,0,0,0,0,0,,,0,0,0,0,0,0,0
,,0,0,0,0,0,0,0,,,,,0,0,0,0,0,0,0,,,0,0,0,0,0,0,0,,,0,0,0,0,0,0,0,,,0,0,0,0,0,0,0
,,0,0,0,0,0,0,0,,,,,0,0,0,0,0,0,0,,,0,0,0,0,0,0,0,,,0,0,0,0,0,0,0,,,0,0,0,0,0,0,0
,,0,0,0,0,0,0,0,,,,,0,0,0,0,0,0,0,,,0,0,0,0,0,0,0,,,0,0,0,0,0,0,0,,,0,0,0,0,0,0,0
,,0,0,0,0,0,0,0,,,,,0,0,0,0,0,0,0,,,0,0,0,0,0,0,0,,,0,0,0,0,0,0,0,,,0,0,0,0,0,0,0
,,0,0,0,0,0,0,0,,,,,0,0,0,0,0,0,0,,,0,0,0,0,0,0,0,,,0,0,0,0,0,0,0,,,0,0,0,0,0,0,0
,,0,0,0,0,0,0,0,,,,,0,0,0,0,0,0,0,,,0,0,0,0,0,0,0,,,0,0,0,0,0,0,0,,,0,0,0,0,0,0,0
,,0,0,0,0,0,0,0,,,,,0,0,0,0,0,0,0,,,0,0,0,0,0,0,0,,,0,0,0,0,0,0,0,,,0,0,0,0,0,0,0
,,0,0,0,0,0,0,0,,,,,0,0,0,0,0,0,0,,,0,0,0,0,0,0,0,,,0,0,0,0,0,0,0,,,0,0,0,0,0,0,0
,,0,0,0,0,0,0,0,,,,,0,0,0,0,0,0,0,,,0,0,0,0,0,0,0,,,0,0,0,0,0,0,0,,,0,0,0,0,0,0,0
,,0,0,0,0,0,0,0,,,,,0,0,0,0,0,0,0,,,0,0,0,0,0,0,0,,,0,0,0,0,0,0,0,,,0,0,0,0,0,0,0
,,0,0,0,0,0,0,0,,,,,0,0,0,0,0,0,0,,,0,0,0,0,0,0,0,,,0,0,0,0,0,0,0,,,0,0,0,0,0,0,0
,,0,0,0,0,0,0,0,,,,,0,0,0,0,0,0,0,,,0,0,0,0,0,0,0,,,0,0,0,0,0,0,0,,,0,0,0,0,0,0,0
,,0,0,0,0,0,0,0,,,,,0,0,0,0,0,0,0,,,0,0,0,0,0,0,0,,,0,0,0,0,0,0,0,,,0,0,0,0,0,0,0
,,0,0,0,0,0,0,0,,,,,0,0,0,0,0,0,0,,,0,0,0,0,0,0,0,,,0,0,0,0,0,0,0,,,0,0,0,0,0,0,0
,,0,0,0,0,0,0,0,,,,,0,0,0,0,0,0,0,,,0,0,0,0,0,0,0,,,0,0,0,0,0,0,0,,,0,0,0,0,0,0,0
,,0,0,0,0,0,0,0,,,,,0,0,0,0,0,0,0,,,0,0,0,0,0,0,0,,,0,0,0,0,0,0,0,,,0,0,0,0,0,0,0
,,0,0,0,0,0,0,0,,,,,0,0,0,0,0,0,0,,,0,0,0,0,0,0,0,,,0,0,0,0,0,0,0,,,0,0,0,0,0,0,0
,,0,0,0,0,0,0,0,,,,,0,0,0,0,0,0,0,,,0,0,0,0,0,0,0,,,0,0,0,0,0,0,0,,,0,0,0,0,0,0,0
,,0,0,0,0,0,0,0,,,,,0,0,0,0,0,0,0,,,0,0,0,0,0,0,0,,,0,0,0,0,0,0,0,,,0,0,0,0,0,0,0
,,0,0,0,0,0,0,0,,,,,0,0,0,0,0,0,0,,,0,0,0,0,0,0,0,,,0,0,0,0,0,0,0,,,0,0,0,0,0,0,0
,,0,0,0,0,0,0,0,,,,,0,0,0,0,0,0,0,,,0,0,0,0,0,0,0,,,0,0,0,0,0,0,0,,,0,0,0,0,0,0,0
,,0,0,0,0,0,0,0,,,,,0,0,0,0,0,0,0,,,0,0,0,0,0,0,0,,,0,0,0,0,0,0,0,,,0,0,0,0,0,0,0
,,0,0,0,0,0,0,0,,,,,0,0,0,0,0,0,0,,,0,0,0,0,0,0,0,,,0,0,0,0,0,0,0,,,0,0,0,0,0,0,0
,,0,0,0,0,0,0,0,,,,,0,0,0,0,0,0,0,,,0,0,0,0,0,0,0,,,0,0,0,0,0,0,0,,,0,0,0,0,0,0,0
,,0,0,0,0,0,0,0,,,,,0,0,0,0,0,0,0,,,0,0,0,0,0,0,0,,,0,0,0,0,0,0,0,,,0,0,0,0,0,0,0
,,0,0,0,0,0,0,0,,,,,0,0,0,0,0,0,0,,,0,0,0,0,0,0,0,,,0,0,0,0,0,0,0,,,0,0,0,0,0,0,0
,,0,0,0,0,0,0,0,,,,,0,0,0,0,0,0,0,,,0,0,0,0,0,0,0,,,0,0,0,0,0,0,0,,,0,0,0,0,0,0,0
,,0,0,0,0,0,0,0,,,,,0,0,0,0,0,0,0,,,0,0,0,0,0,0,0,,,0,0,0,0,0,0,0,,,0,0,0,0,0,0,0
,,0,0,0,0,0,0,0,,,,,0,0,0,0,0,0,0,,,0,0,0,0,0,0,0,,,0,0,0,0,0,0,0,,,0,0,0,0,0,0,0
,,0,0,0,0,0,0,0,,,,,0,0,0,0,0,0,0,,,0,0,0,0,0,0,0,,,0,0,0,0,0,0,0,,,0,0,0,0,0,0,0
,,0,0,0,0,0,0,0,,,,,0,0,0,0,0,0,0,,,0,0,0,0,0,0,0,,,0,0,0,0,0,0,0,,,0,0,0,0,0,0,0
,,0,0,0,0,0,0,0,,,,,0,0,0,0,0,0,0,,,0,0,0,0,0,0,0,,,0,0,0,0,0,0,0,,,0,0,0,0,0,0,0
,,0,0,0,0,0,0,0,,,,,0,0,0,0,0,0,0,,,0,0,0,0,0,0,0,,,0,0,0,0,0,0,0,,,0,0,0,0,0,0,0
,,0,0,0,0,0,0,0,,,,,0,0,0,0,0,0,0,,,0,0,0,0,0,0,0,,,0,0,0,0,0,0,0,,,0,0,0,0,0,0,0
,,0,0,0,0,0,0,0,,,,,0,0,0,0,0,0,0,,,0,0,0,0,0,0,0,,,0,0,0,0,0,0,0,,,0,0,0,0,0,0,0
,,0,0,0,0,0,0,0,,,,,0,0,0,0,0,0,0,,,0,0,0,0,0,0,0,,,0,0,0,0,0,0,0,,,0,0,0,0,0,0,0
,,0,0,0,0,0,0,0,,,,,0,0,0,0,0,0,0,,,0,0,0,0,0,0,0,,,0,0,0,0,0,0,0,,,0,0,0,0,0,0,0
,,0,0,0,0,0,0,0,,,,,0,0,0,0,0,0,0,,,0,0,0,0,0,0,0,,,0,0,0,0,0,0,0,,,0,0,0,0,0,0,0
,,0,0,0,0,0,0,0,,,,,0,0,0,0,0,0,0,,,0,0,0,0,0,0,0,,,0,0,0,0,0,0,0,,,0,0,0,0,0,0,0
,,0,0,0,0,0,0,0,,,,,0,0,0,0,0,0,0,,,0,0,0,0,0,0,0,,,0,0,0,0,0,0,0,,,0,0,0,0,0,0,0
,,0,0,0,0,0,0,0,,,,,0,0,0,0,0,0,0,,,0,0,0,0,0,0,0,,,0,0,0,0,0,0,0,,,0,0,0,0,0,0,0
,,0,0,0,0,0,0,0,,,,,0,0,0,0,0,0,0,,,0,0,0,0,0,0,0,,,0,0,0,0,0,0,0,,,0,0,0,0,0,0,0
,,0,0,0,0,0,0,0,,,,,0,0,0,0,0,0,0,,,0,0,0,0,0,0,0,,,0,0,0,0,0,0,0,,,0,0,0,0,0,0,0
,,0,0,0,0,0,0,0,,,,,0,0,0,0,0,0,0,,,0,0,0,0,0,0,0,,,0,0,0,0,0,0,0,,,0,0,0,0,0,0,0
,,0,0,0,0,0,0,0,,,,,0,0,0,0,0,0,0,,,0,0,0,0,0,0,0,,,0,0,0,0,0,0,0,,,0,0,0,0,0,0,0
,,0,0,0,0,0,0,0,,,,,0,0,0,0,0,0,0,,,0,0,0,0,0,0,0,,,0,0,0,0,0,0,0,,,0,0,0,0,0,0,0
,,0,0,0,0,0,0,0,,,,,0,0,0,0,0,0,0,,,0,0,0,0,0,0,0,,,0,0,0,0,0,0,0,,,0,0,0,0,0,0,0
,,0,0,0,0,0,0,0,,,,,0,0,0,0,0,0,0,,,0,0,0,0,0,0,0,,,0,0,0,0,0,0,0,,,0,0,0,0,0,0,0
,,0,0,0,0,0,0,0,,,,,0,0,0,0,0,0,0,,,0,0,0,0,0,0,0,,,0,0,0,0,0,0,0,,,0,0,0,0,0,0,0
,,0,0,0,0,0,0,0,,,,,0,0,0,0,0,0,0,,,0,0,0,0,0,0,0,,,0,0,0,0,0,0,0,,,0,0,0,0,0,0,0
,,0,0,0,0,0,0,0,,,,,0,0,0,0,0,0,0,,,0,0,0,0,0,0,0,,,0,0,0,0,0,0,0,,,0,0,0,0,0,0,0
,,0,0,0,0,0,0,0,,,,,0,0,0,0,0,0,0,,,0,0,0,0,0,0,0,,,0,0,0,0,0,0,0,,,0,0,0,0,0,0,0
,,0,0,0,0,0,0,0,,,,,0,0,0,0,0,0,0,,,0,0,0,0,0,0,0,,,0,0,0,0,0,0,0,,,0,0,0,0,0,0,0
,,0,0,0,0,0,0,0,,,,,0,0,0,0,0,0,0,,,0,0,0,0,0,0,0,,,0,0,0,0,0,0,0,,,0,0,0,0,0,0,0
,,0,0,0,0,0,0,0,,,,,0,0,0,0,0,0,0,,,0,0,0,0,0,0,0,,,0,0,0,0,0,0,0,,,0,0,0,0,0,0,0
,,0,0,0,0,0,0,0,,,,,0,0,0,0,0,0,0,,,0,0,0,0,0,0,0,,,0,0,0,0,0,0,0,,,0,0,0,0,0,0,0
,,0,0,0,0,0,0,0,,,,,0,0,0,0,0,0,0,,,0,0,0,0,0,0,0,,,0,0,0,0,0,0,0,,,0,0,0,0,0,0,0
,,0,0,0,0,0,0,0,,,,,0,0,0,0,0,0,0,,,0,0,0,0,0,0,0,,,0,0,0,0,0,0,0,,,0,0,0,0,0,0,0
,,0,0,0,0,0,0,0,,,,,0,0,0,0,0,0,0,,,0,0,0,0,0,0,0,,,0,0,0,0,0,0,0,,,0,0,0,0,0,0,0
,,0,0,0,0,0,0,0,,,,,0,0,0,0,0,0,0,,,0,0,0,0,0,0,0,,,0,0,0,0,0,0,0,,,0,0,0,0,0,0,0
,,0,0,0,0,0,0,0,,,,,0,0,0,0,0,0,0,,,0,0,0,0,0,0,0,,,0,0,0,0,0,0,0,,,0,0,0,0,0,0,0
,,0,0,0,0,0,0,0,,,,,0,0,0,0,0,0,0,,,0,0,0,0,0,0,0,,,0,0,0,0,0,0,0,,,0,0,0,0,0,0,0
,,0,0,0,0,0,0,0,,,,,0,0,0,0,0,0,0,,,0,0,0,0,0,0,0,,,0,0,0,0,0,0,0,,,0,0,0,0,0,0,0
,,0,0,0,0,0,0,0,,,,,0,0,0,0,0,0,0,,,0,0,0,0,0,0,0,,,0,0,0,0,0,0,0,,,0,0,0,0,0,0,0
,,0,0,0,0,0,0,0,,,,,0,0,0,0,0,0,0,,,0,0,0,0,0,0,0,,,0,0,0,0,0,0,0,,,0,0,0,0,0,0,0
,,0,0,0,0,0,0,0,,,,,0,0,0,0,0,0,0,,,0,0,0,0,0,0,0,,,0,0,0,0,0,0,0,,,0,0,0,0,0,0,0
,,0,0,0,0,0,0,0,,,,,0,0,0,0,0,0,0,,,0,0,0,0,0,0,0,,,0,0,0,0,0,0,0,,,0,0,0,0,0,0,0
,,0,0,0,0,0,0,0,,,,,0,0,0,0,0,0,0,,,0,0,0,0,0,0,0,,,0,0,0,0,0,0,0,,,0,0,0,0,0,0,0
,,0,0,0,0,0,0,0,,,,,0,0,0,0,0,0,0,,,0,0,0,0,0,0,0,,,0,0,0,0,0,0,0,,,0,0,0,0,0,0,0
,,0,0,0,0,0,0,0,,,,,0,0,0,0,0,0,0,,,0,0,0,0,0,0,0,,,0,0,0,0,0,0,0,,,0,0,0,0,0,0,0
,,0,0,0,0,0,0,0,,,,,0,0,0,0,0,0,0,,,0,0,0,0,0,0,0,,,0,0,0,0,0,0,0,,,0,0,0,0,0,0,0
,,0,0,0,0,0,0,0,,,,,0,0,0,0,0,0,0,,,0,0,0,0,0,0,0,,,0,0,0,0,0,0,0,,,0,0,0,0,0,0,0
,,0,0,0,0,0,0,0,,,,,0,0,0,0,0,0,0,,,0,0,0,0,0,0,0,,,0,0,0,0,0,0,0,,,0,0,0,0,0,0,0
,,0,0,0,0,0,0,0,,,,,0,0,0,0,0,0,0,,,0,0,0,0,0,0,0,,,0,0,0,0,0,0,0,,,0,0,0,0,0,0,0
,,0,0,0,0,0,0,0,,,,,0,0,0,0,0,0,0,,,0,0,0,0,0,0,0,,,0,0,0,0,0,0,0,,,0,0,0,0,0,0,0
,,0,0,0,0,0,0,0,,,,,0,0,0,0,0,0,0,,,0,0,0,0,0,0,0,,,0,0,0,0,0,0,0,,,0,0,0,0,0,0,0
,,0,0,0,0,0,0,0,,,,,0,0,0,0,0,0,0,,,0,0,0,0,0,0,0,,,0,0,0,0,0,0,0,,,0,0,0,0,0,0,0
,,0,0,0,0,0,0,0,,,,,0,0,0,0,0,0,0,,,0,0,0,0,0,0,0,,,0,0,0,0,0,0,0,,,0,0,0,0,0,0,0
,,0,0,0,0,0,0,0,,,,,0,0,0,0,0,0,0,,,0,0,0,0,0,0,0,,,0,0,0,0,0,0,0,,,0,0,0,0,0,0,0
,,0,0,0,0,0,0,0,,,,,0,0,0,0,0,0,0,,,0,0,0,0,0,0,0,,,0,0,0,0,0,0,0,,,0,0,0,0,0,0,0
,,0,0,0,0,0,0,0,,,,,0,0,0,0,0,0,0,,,0,0,0,0,0,0,0,,,0,0,0,0,0,0,0,,,0,0,0,0,0,0,0
,,0,0,0,0,0,0,0,,,,,0,0,0,0,0,0,0,,,0,0,0,0,0,0,0,,,0,0,0,0,0,0,0,,,0,0,0,0,0,0,0
,,0,0,0,0,0,0,0,,,,,0,0,0,0,0,0,0,,,0,0,0,0,0,0,0,,,0,0,0,0,0,0,0,,,0,0,0,0,0,0,0
,,0,0,0,0,0,0,0,,,,,0,0,0,0,0,0,0,,,0,0,0,0,0,0,0,,,0,0,0,0,0,0,0,,,0,0,0,0,0,0,0
,,0,0,0,0,0,0,0,,,,,0,0,0,0,0,0,0,,,0,0,0,0,0,0,0,,,0,0,0,0,0,0,0,,,0,0,0,0,0,0,0
,,0,0,0,0,0,0,0,,,,,0,0,0,0,0,0,0,,,0,0,0,0,0,0,0,,,0,0,0,0,0,0,0,,,0,0,0,0,0,0,0
,,0,0,0,0,0,0,0,,,,,0,0,0,0,0,0,0,,,0,0,0,0,0,0,0,,,0,0,0,0,0,0,0,,,0,0,0,0,0,0,0
,,0,0,0,0,0,0,0,,,,,0,0,0,0,0,0,0,,,0,0,0,0,0,0,0,,,0,0,0,0,0,0,0,,,0,0,0,0,0,0,0
,,0,0,0,0,0,0,0,,,,,0,0,0,0,0,0,0,,,0,0,0,0,0,0,0,,,0,0,0,0,0,0,0,,,0,0,0,0,0,0,0
,,0,0,0,0,0,0,0,,,,,0,0,0,0,0,0,0,,,0,0,0,0,0,0,0,,,0,0,0,0,0,0,0,,,0,0,0,0,0,0,0
,,0,0,0,0,0,0,0,,,,,0,0,0,0,0,0,0,,,0,0,0,0,0,0,0,,,0,0,0,0,0,0,0,,,0,0,0,0,0,0,0
,,0,0,0,0,0,0,0,,,,,0,0,0,0,0,0,0,,,0,0,0,0,0,0,0,,,0,0,0,0,0,0,0,,,0,0,0,0,0,0,0
,,0,0,0,0,0,0,0,,,,,0,0,0,0,0,0,0,,,0,0,0,0,0,0,0,,,0,0,0,0,0,0,0,,,0,0,0,0,0,0,0
,,0,0,0,0,0,0,0,,,,,0,0,0,0,0,0,0,,,0,0,0,0,0,0,0,,,0,0,0,0,0,0,0,,,0,0,0,0,0,0,0
,,0,0,0,0,0,0,0,,,,,0,0,0,0,0,0,0,,,0,0,0,0,0,0,0,,,0,0,0,0,0,0,0,,,0,0,0,0,0,0,0
,,0,0,0,0,0,0,0,,,,,0,0,0,0,0,0,0,,,0,0,0,0,0,0,0,,,0,0,0,0,0,0,0,,,0,0,0,0,0,0,0
,,0,0,0,0,0,0,0,,,,,0,0,0,0,0,0,0,,,0,0,0,0,0,0,0,,,0,0,0,0,0,0,0,,,0,0,0,0,0,0,0
,,0,0,0,0,0,0,0,,,,,0,0,0,0,0,0,0,,,0,0,0,0,0,0,0,,,0,0,0,0,0,0,0,,,0,0,0,0,0,0,0
,,0,0,0,0,0,0,0,,,,,0,0,0,0,0,0,0,,,0,0,0,0,0,0,0,,,0,0,0,0,0,0,0,,,0,0,0,0,0,0,0
,,0,0,0,0,0,0,0,,,,,0,0,0,0,0,0,0,,,0,0,0,0,0,0,0,,,0,0,0,0,0,0,0,,,0,0,0,0,0,0,0
,,0,0,0,0,0,0,0,,,,,0,0,0,0,0,0,0,,,0,0,0,0,0,0,0,,,0,0,0,0,0,0,0,,,0,0,0,0,0,0,0
,,0,0,0,0,0,0,0,,,,,0,0,0,0,0,0,0,,,0,0,0,0,0,0,0,,,0,0,0,0,0,0,0,,,0,0,0,0,0,0,0
,,0,0,0,0,0,0,0,,,,,0,0,0,0,0,0,0,,,0,0,0,0,0,0,0,,,0,0,0,0,0,0,0,,,0,0,0,0,0,0,0
,,0,0,0,0,0,0,0,,,,,0,0,0,0,0,0,0,,,0,0,0,0,0,0,0,,,0,0,0,0,0,0,0,,,0,0,0,0,0,0,0
,,0,0,0,0,0,0,0,,,,,0,0,0,0,0,0,0,,,0,0,0,0,0,0,0,,,0,0,0,0,0,0,0,,,0,0,0,0,0,0,0
,,0,0,0,0,0,0,0,,,,,0,0,0,0,0,0,0,,,0,0,0,0,0,0,0,,,0,0,0,0,0,0,0,,,0,0,0,0,0,0,0
,,0,0,0,0,0,0,0,,,,,0,0,0,0,0,0,0,,,0,0,0,0,0,0,0,,,0,0,0,0,0,0,0,,,0,0,0,0,0,0,0
,,0,0,0,0,0,0,0,,,,,0,0,0,0,0,0,0,,,0,0,0,0,0,0,0,,,0,0,0,0,0,0,0,,,0,0,0,0,0,0,0
,,0,0,0,0,0,0,0,,,,,0,0,0,0,0,0,0,,,0,0,0,0,0,0,0,,,0,0,0,0,0,0,0,,,0,0,0,0,0,0,0
,,0,0,0,0,0,0,0,,,,,0,0,0,0,0,0,0,,,0,0,0,0,0,0,0,,,0,0,0,0,0,0,0,,,0,0,0,0,0,0,0
,,0,0,0,0,0,0,0,,,,,0,0,0,0,0,0,0,,,0,0,0,0,0,0,0,,,0,0,0,0,0,0,0,,,0,0,0,0,0,0,0
,,0,0,0,0,0,0,0,,,,,0,0,0,0,0,0,0,,,0,0,0,0,0,0,0,,,0,0,0,0,0,0,0,,,0,0,0,0,0,0,0
,,0,0,0,0,0,0,0,,,,,0,0,0,0,0,0,0,,,0,0,0,0,0,0,0,,,0,0,0,0,0,0,0,,,0,0,0,0,0,0,0
,,0,0,0,0,0,0,0,,,,,0,0,0,0,0,0,0,,,0,0,0,0,0,0,0,,,0,0,0,0,0,0,0,,,0,0,0,0,0,0,0
,,0,0,0,0,0,0,0,,,,,0,0,0,0,0,0,0,,,0,0,0,0,0,0,0,,,0,0,0,0,0,0,0,,,0,0,0,0,0,0,0
,,0,0,0,0,0,0,0,,,,,0,0,0,0,0,0,0,,,0,0,0,0,0,0,0,,,0,0,0,0,0,0,0,,,0,0,0,0,0,0,0
,,0,0,0,0,0,0,0,,,,,0,0,0,0,0,0,0,,,0,0,0,0,0,0,0,,,0,0,0,0,0,0,0,,,0,0,0,0,0,0,0
,,0,0,0,0,0,0,0,,,,,0,0,0,0,0,0,0,,,0,0,0,0,0,0,0,,,0,0,0,0,0,0,0,,,0,0,0,0,0,0,0
,,0,0,0,0,0,0,0,,,,,0,0,0,0,0,0,0,,,0,0,0,0,0,0,0,,,0,0,0,0,0,0,0,,,0,0,0,0,0,0,0
,,0,0,0,0,0,0,0,,,,,0,0,0,0,0,0,0,,,0,0,0,0,0,0,0,,,0,0,0,0,0,0,0,,,0,0,0,0,0,0,0
,,0,0,0,0,0,0,0,,,,,0,0,0,0,0,0,0,,,0,0,0,0,0,0,0,,,0,0,0,0,0,0,0,,,0,0,0,0,0,0,0
,,0,0,0,0,0,0,0,,,,,0,0,0,0,0,0,0,,,0,0,0,0,0,0,0,,,0,0,0,0,0,0,0,,,0,0,0,0,0,0,0
,,0,0,0,0,0,0,0,,,,,0,0,0,0,0,0,0,,,0,0,0,0,0,0,0,,,0,0,0,0,0,0,0,,,0,0,0,0,0,0,0
,,0,0,0,0,0,0,0,,,,,0,0,0,0,0,0,0,,,0,0,0,0,0,0,0,,,0,0,0,0,0,0,0,,,0,0,0,0,0,0,0
,,0,0,0,0,0,0,0,,,,,0,0,0,0,0,0,0,,,0,0,0,0,0,0,0,,,0,0,0,0,0,0,0,,,0,0,0,0,0,0,0
,,0,0,0,0,0,0,0,,,,,0,0,0,0,0,0,0,,,0,0,0,0,0,0,0,,,0,0,0,0,0,0,0,,,0,0,0,0,0,0,0
,,0,0,0,0,0,0,0,,,,,0,0,0,0,0,0,0,,,0,0,0,0,0,0,0,,,0,0,0,0,0,0,0,,,0,0,0,0,0,0,0
,,0,0,0,0,0,0,0,,,,,0,0,0,0,0,0,0,,,0,0,0,0,0,0,0,,,0,0,0,0,0,0,0,,,0,0,0,0,0,0,0
,,0,0,0,0,0,0,0,,,,,0,0,0,0,0,0,0,,,0,0,0,0,0,0,0,,,0,0,0,0,0,0,0,,,0,0,0,0,0,0,0
,,0,0,0,0,0,0,0,,,,,0,0,0,0,0,0,0,,,0,0,0,0,0,0,0,,,0,0,0,0,0,0,0,,,0,0,0,0,0,0,0
,,0,0,0,0,0,0,0,,,,,0,0,0,0,0,0,0,,,0,0,0,0,0,0,0,,,0,0,0,0,0,0,0,,,0,0,0,0,0,0,0
,,0,0,0,0,0,0,0,,,,,0,0,0,0,0,0,0,,,0,0,0,0,0,0,0,,,0,0,0,0,0,0,0,,,0,0,0,0,0,0,0
,,0,0,0,0,0,0,0,,,,,0,0,0,0,0,0,0,,,0,0,0,0,0,0,0,,,0,0,0,0,0,0,0,,,0,0,0,0,0,0,0
,,0,0,0,0,0,0,0,,,,,0,0,0,0,0,0,0,,,0,0,0,0,0,0,0,,,0,0,0,0,0,0,0,,,0,0,0,0,0,0,0
,,0,0,0,0,0,0,0,,,,,0,0,0,0,0,0,0,,,0,0,0,0,0,0,0,,,0,0,0,0,0,0,0,,,0,0,0,0,0,0,0
,,0,0,0,0,0,0,0,,,,,0,0,0,0,0,0,0,,,0,0,0,0,0,0,0,,,0,0,0,0,0,0,0,,,0,0,0,0,0,0,0
,,0,0,0,0,0,0,0,,,,,0,0,0,0,0,0,0,,,0,0,0,0,0,0,0,,,0,0,0,0,0,0,0,,,0,0,0,0,0,0,0
,,0,0,0,0,0,0,0,,,,,0,0,0,0,0,0,0,,,0,0,0,0,0,0,0,,,0,0,0,0,0,0,0,,,0,0,0,0,0,0,0
,,0,0,0,0,0,0,0,,,,,0,0,0,0,0,0,0,,,0,0,0,0,0,0,0,,,0,0,0,0,0,0,0,,,0,0,0,0,0,0,0
,,0,0,0,0,0,0,0,,,,,0,0,0,0,0,0,0,,,0,0,0,0,0,0,0,,,0,0,0,0,0,0,0,,,0,0,0,0,0,0,0
,,0,0,0,0,0,0,0,,,,,0,0,0,0,0,0,0,,,0,0,0,0,0,0,0,,,0,0,0,0,0,0,0,,,0,0,0,0,0,0,0
,,0,0,0,0,0,0,0,,,,,0,0,0,0,0,0,0,,,0,0,0,0,0,0,0,,,0,0,0,0,0,0,0,,,0,0,0,0,0,0,0
,,0,0,0,0,0,0,0,,,,,0,0,0,0,0,0,0,,,0,0,0,0,0,0,0,,,0,0,0,0,0,0,0,,,0,0,0,0,0,0,0
,,0,0,0,0,0,0,0,,,,,0,0,0,0,0,0,0,,,0,0,0,0,0,0,0,,,0,0,0,0,0,0,0,,,0,0,0,0,0,0,0
,,0,0,0,0,0,0,0,,,,,0,0,0,0,0,0,0,,,0,0,0,0,0,0,0,,,0,0,0,0,0,0,0,,,0,0,0,0,0,0,0
,,0,0,0,0,0,0,0,,,,,0,0,0,0,0,0,0,,,0,0,0,0,0,0,0,,,0,0,0,0,0,0,0,,,0,0,0,0,0,0,0
,,0,0,0,0,0,0,0,,,,,0,0,0,0,0,0,0,,,0,0,0,0,0,0,0,,,0,0,0,0,0,0,0,,,0,0,0,0,0,0,0
,,0,0,0,0,0,0,0,,,,,0,0,0,0,0,0,0,,,0,0,0,0,0,0,0,,,0,0,0,0,0,0,0,,,0,0,0,0,0,0,0
,,0,0,0,0,0,0,0,,,,,0,0,0,0,0,0,0,,,0,0,0,0,0,0,0,,,0,0,0,0,0,0,0,,,0,0,0,0,0,0,0
,,0,0,0,0,0,0,0,,,,,0,0,0,0,0,0,0,,,0,0,0,0,0,0,0,,,0,0,0,0,0,0,0,,,0,0,0,0,0,0,0
,,0,0,0,0,0,0,0,,,,,0,0,0,0,0,0,0,,,0,0,0,0,0,0,0,,,0,0,0,0,0,0,0,,,0,0,0,0,0,0,0
,,0,0,0,0,0,0,0,,,,,0,0,0,0,0,0,0,,,0,0,0,0,0,0,0,,,0,0,0,0,0,0,0,,,0,0,0,0,0,0,0
,,0,0,0,0,0,0,0,,,,,0,0,0,0,0,0,0,,,0,0,0,0,0,0,0,,,0,0,0,0,0,0,0,,,0,0,0,0,0,0,0
,,0,0,0,0,0,0,0,,,,,0,0,0,0,0,0,0,,,0,0,0,0,0,0,0,,,0,0,0,0,0,0,0,,,0,0,0,0,0,0,0
,,0,0,0,0,0,0,0,,,,,0,0,0,0,0,0,0,,,0,0,0,0,0,0,0,,,0,0,0,0,0,0,0,,,0,0,0,0,0,0,0
,,0,0,0,0,0,0,0,,,,,0,0,0,0,0,0,0,,,0,0,0,0,0,0,0,,,0,0,0,0,0,0,0,,,0,0,0,0,0,0,0
,,0,0,0,0,0,0,0,,,,,0,0,0,0,0,0,0,,,0,0,0,0,0,0,0,,,0,0,0,0,0,0,0,,,0,0,0,0,0,0,0
,,0,0,0,0,0,0,0,,,,,0,0,0,0,0,0,0,,,0,0,0,0,0,0,0,,,0,0,0,0,0,0,0,,,0,0,0,0,0,0,0
,,0,0,0,0,0,0,0,,,,,0,0,0,0,0,0,0,,,0,0,0,0,0,0,0,,,0,0,0,0,0,0,0,,,0,0,0,0,0,0,0
,,0,0,0,0,0,0,0,,,,,0,0,0,0,0,0,0,,,0,0,0,0,0,0,0,,,0,0,0,0,0,0,0,,,0,0,0,0,0,0,0
,,0,0,0,0,0,0,0,,,,,0,0,0,0,0,0,0,,,0,0,0,0,0,0,0,,,0,0,0,0,0,0,0,,,0,0,0,0,0,0,0
,,0,0,0,0,0,0,0,,,,,0,0,0,0,0,0,0,,,0,0,0,0,0,0,0,,,0,0,0,0,0,0,0,,,0,0,0,0,0,0,0
,,0,0,0,0,0,0,0,,,,,0,0,0,0,0,0,0,,,0,0,0,0,0,0,0,,,0,0,0,0,0,0,0,,,0,0,0,0,0,0,0
,,0,0,0,0,0,0,0,,,,,0,0,0,0,0,0,0,,,0,0,0,0,0,0,0,,,0,0,0,0,0,0,0,,,0,0,0,0,0,0,0
,,0,0,0,0,0,0,0,,,,,0,0,0,0,0,0,0,,,0,0,0,0,0,0,0,,,0,0,0,0,0,0,0,,,0,0,0,0,0,0,0
,,0,0,0,0,0,0,0,,,,,0,0,0,0,0,0,0,,,0,0,0,0,0,0,0,,,0,0,0,0,0,0,0,,,0,0,0,0,0,0,0
,,0,0,0,0,0,0,0,,,,,0,0,0,0,0,0,0,,,0,0,0,0,0,0,0,,,0,0,0,0,0,0,0,,,0,0,0,0,0,0,0
,,0,0,0,0,0,0,0,,,,,0,0,0,0,0,0,0,,,0,0,0,0,0,0,0,,,0,0,0,0,0,0,0,,,0,0,0,0,0,0,0
,,0,0,0,0,0,0,0,,,,,0,0,0,0,0,0,0,,,0,0,0,0,0,0,0,,,0,0,0,0,0,0,0,,,0,0,0,0,0,0,0
,,0,0,0,0,0,0,0,,,,,0,0,0,0,0,0,0,,,0,0,0,0,0,0,0,,,0,0,0,0,0,0,0,,,0,0,0,0,0,0,0
,,0,0,0,0,0,0,0,,,,,0,0,0,0,0,0,0,,,0,0,0,0,0,0,0,,,0,0,0,0,0,0,0,,,0,0,0,0,0,0,0
,,0,0,0,0,0,0,0,,,,,0,0,0,0,0,0,0,,,0,0,0,0,0,0,0,,,0,0,0,0,0,0,0,,,0,0,0,0,0,0,0
,,0,0,0,0,0,0,0,,,,,0,0,0,0,0,0,0,,,0,0,0,0,0,0,0,,,0,0,0,0,0,0,0,,,0,0,0,0,0,0,0
,,0,0,0,0,0,0,0,,,,,0,0,0,0,0,0,0,,,0,0,0,0,0,0,0,,,0,0,0,0,0,0,0,,,0,0,0,0,0,0,0
,,0,0,0,0,0,0,0,,,,,0,0,0,0,0,0,0,,,0,0,0,0,0,0,0,,,0,0,0,0,0,0,0,,,0,0,0,0,0,0,0
,,0,0,0,0,0,0,0,,,,,0,0,0,0,0,0,0,,,0,0,0,0,0,0,0,,,0,0,0,0,0,0,0,,,0,0,0,0,0,0,0
,,0,0,0,0,0,0,0,,,,,0,0,0,0,0,0,0,,,0,0,0,0,0,0,0,,,0,0,0,0,0,0,0,,,0,0,0,0,0,0,0
,,0,0,0,0,0,0,0,,,,,0,0,0,0,0,0,0,,,0,0,0,0,0,0,0,,,0,0,0,0,0,0,0,,,0,0,0,0,0,0,0
,,0,0,0,0,0,0,0,,,,,0,0,0,0,0,0,0,,,0,0,0,0,0,0,0,,,0,0,0,0,0,0,0,,,0,0,0,0,0,0,0
,,0,0,0,0,0,0,0,,,,,0,0,0,0,0,0,0,,,0,0,0,0,0,0,0,,,0,0,0,0,0,0,0,,,0,0,0,0,0,0,0
On hold,,27,3,1,2,20,7,6,,,Donated,,12,15,3,5,9,0,7,MIA,,0,2,0,2,0,0,2,Scrapped,,2,3,0,1,0,0,0,Given,,0,0,0,0,0,0,0
